calendar_date,active_cnts,temporary_inactivte,revoked,general_leave,winbacks
2026-02-25,451,17,2436,368,69
2026-02-24,450,16,2433,369,68
2026-02-23,453,16,2433,369,69
2026-02-22,454,16,2433,369,69
2026-02-21,453,16,2433,369,69
2026-02-20,452,16,2433,369,68
2026-02-19,452,16,2433,369,68
2026-02-18,451,14,2433,369,68
2026-02-17,450,14,2432,369,68
2026-02-16,451,14,2430,368,69
2026-02-15,451,14,2432,369,68
2026-02-14,450,15,2432,369,68
2026-02-13,450,15,2432,369,68
2026-02-12,448,15,2432,369,68
2026-02-11,447,15,2432,369,68
2026-02-10,446,15,2432,369,68
2026-02-09,446,15,2432,369,68
2026-02-08,444,15,2431,369,68
2026-02-07,444,15,2431,369,68
2026-02-06,444,15,2431,369,68
2026-02-05,443,15,2430,369,67
2026-02-04,443,14,2430,370,67
2026-02-03,444,14,2430,369,67
2026-02-02,444,14,2430,369,67
2026-02-01,440,14,2430,369,67
2026-01-31,440,14,2430,369,67
2026-01-30,440,13,2430,369,67
2026-01-29,436,13,2430,368,67
2026-01-28,435,13,2431,368,67
2026-01-27,435,13,2435,368,67
2026-01-26,434,13,2435,366,67
2026-01-25,436,13,2435,366,68
2026-01-24,434,13,2435,365,66
2026-01-23,435,14,2435,366,67
2026-01-22,435,14,2435,366,67
2026-01-21,432,14,2435,365,67
2026-01-20,430,15,2434,365,66
2026-01-19,431,15,2434,366,66
2026-01-18,429,15,2434,366,66
2026-01-17,427,15,2433,366,66
2026-01-16,427,15,2433,366,66
2026-01-15,427,14,2433,364,66
2026-01-14,431,14,2433,364,67
2026-01-13,430,14,2432,364,67
2026-01-12,430,14,2432,364,67
2026-01-11,429,14,2432,365,67
2026-01-10,429,14,2432,365,67
2026-01-09,429,14,2432,365,67
2026-01-08,427,14,2432,364,67
2026-01-07,428,14,2432,364,67
2026-01-06,427,14,2432,364,66
2026-01-05,425,14,2429,364,65
2026-01-04,426,15,2429,364,65
2026-01-03,425,15,2429,364,65
2026-01-02,424,15,2428,363,65
2026-01-01,425,15,2428,363,65
2025-12-31,424,15,2428,363,64
2025-12-30,424,15,2427,364,64
2025-12-29,425,15,2427,364,65
2025-12-28,425,15,2427,364,65
2025-12-27,425,15,2427,364,65
2025-12-26,425,15,2422,363,65
2025-12-25,431,15,2422,363,66
2025-12-24,431,15,2422,363,66
2025-12-23,431,15,2421,363,66
2025-12-22,432,15,2421,363,67
2025-12-21,432,15,2421,363,67
2025-12-20,431,15,2421,362,67
2025-12-19,431,15,2420,362,67
2025-12-18,432,15,2420,362,67
2025-12-17,431,15,2420,362,67
2025-12-16,431,15,2420,362,67
2025-12-15,431,15,2420,362,67
2025-12-14,431,15,2420,362,67
2025-12-13,431,15,2420,362,67
2025-12-12,430,15,2420,362,67
2025-12-11,428,15,2420,362,66
2025-12-10,428,15,2419,362,66
2025-12-09,428,14,2419,362,67
2025-12-08,428,14,2419,362,68
2025-12-07,428,14,2419,362,68
2025-12-06,428,14,2419,362,68
2025-12-05,427,14,2419,362,67
2025-12-04,426,14,2419,362,67
2025-12-03,426,14,2419,362,67
2025-12-02,426,13,2418,361,67
2025-12-01,428,13,2418,361,69
2025-11-30,423,13,2417,361,69
2025-11-29,424,13,2417,361,69
2025-11-28,424,13,2417,361,69
2025-11-27,424,13,2417,361,69
2025-11-26,424,12,2417,361,69
2025-11-25,425,12,2417,361,69
2025-11-24,423,12,2417,361,69
2025-11-23,423,12,2417,361,69
2025-11-22,423,12,2417,361,69
2025-11-21,423,12,2417,360,69
2025-11-20,424,12,2415,360,69
2025-11-19,426,12,2414,360,70
2025-11-18,426,12,2414,360,69
2025-11-17,423,12,2411,360,68
2025-11-16,426,13,2410,360,69
2025-11-15,426,13,2411,360,68
2025-11-14,425,14,2410,358,68
2025-11-13,427,14,2410,357,68
2025-11-12,426,14,2409,357,68
2025-11-11,426,14,2408,357,68
2025-11-10,426,14,2408,357,68
2025-11-09,426,14,2408,357,68
2025-11-08,426,14,2408,357,68
2025-11-07,423,14,2408,356,67
2025-11-06,423,14,2408,357,67
2025-11-05,422,13,2408,355,67
2025-11-04,424,13,2408,355,68
2025-11-03,423,13,2408,355,67
2025-11-02,423,14,2408,355,67
2025-11-01,423,14,2409,355,67
2025-10-31,423,14,2409,355,67
2025-10-30,423,14,2409,355,67
2025-10-29,422,14,2407,355,67
2025-10-28,422,13,2401,355,66
2025-10-27,429,14,2401,355,69
2025-10-26,427,14,2400,355,69
2025-10-25,427,12,2400,354,68
2025-10-24,429,12,2401,354,68
2025-10-23,429,12,2401,354,68
2025-10-22,429,12,2399,354,68
2025-10-21,431,12,2398,354,68
2025-10-20,430,12,2398,354,68
2025-10-19,431,12,2399,354,69
2025-10-18,430,12,2399,354,69
2025-10-17,429,12,2399,354,68
2025-10-16,429,12,2399,354,68
2025-10-15,428,12,2398,353,67
2025-10-14,430,12,2396,354,68
2025-10-13,432,12,2396,354,68
2025-10-12,432,12,2396,354,68
2025-10-11,431,12,2396,354,67
2025-10-10,431,12,2396,355,67
2025-10-09,430,12,2396,352,67
2025-10-08,432,12,2395,352,67
2025-10-07,433,11,2395,351,67
2025-10-06,434,11,2395,351,68
2025-10-05,434,11,2395,351,68
2025-10-04,434,11,2395,351,68
2025-10-03,433,11,2395,351,67
2025-10-02,432,11,2396,350,67
2025-10-01,429,11,2395,350,67
2025-09-30,429,11,2395,351,68
2025-09-29,428,11,2396,351,67
2025-09-28,428,11,2397,351,67
2025-09-27,428,11,2397,351,67
2025-09-26,426,11,2397,350,66
2025-09-25,424,11,2397,351,65
2025-09-24,424,11,2398,351,65
2025-09-23,421,11,2397,351,64
2025-09-22,421,11,2397,351,66
2025-09-21,422,11,2397,351,67
2025-09-20,420,11,2397,351,65
2025-09-19,419,11,2397,352,65
2025-09-18,417,11,2397,352,64
2025-09-17,417,11,2397,352,63
2025-09-16,418,11,2396,352,64
2025-09-15,417,10,2395,350,64
2025-09-14,420,10,2396,349,64
2025-09-13,420,10,2395,348,64
2025-09-12,421,10,2395,349,64
2025-09-11,421,10,2395,348,64
2025-09-10,422,10,2394,348,64
2025-09-09,422,10,2392,347,64
2025-09-08,424,11,2392,347,64
2025-09-07,423,11,2392,347,63
2025-09-06,423,11,2393,347,63
2025-09-05,423,11,2393,346,63
2025-09-04,423,11,2393,346,62
2025-09-03,420,11,2393,347,62
2025-09-02,420,11,2393,347,62
2025-09-01,420,11,2393,347,62
2025-08-31,417,11,2393,347,62
2025-08-30,417,11,2393,347,62
2025-08-29,416,11,2393,347,62
2025-08-28,416,11,2392,347,62
2025-08-27,417,11,2392,347,62
2025-08-26,417,11,2389,347,62
2025-08-25,419,11,2389,347,63
2025-08-24,417,11,2389,347,63
2025-08-23,417,11,2389,347,63
2025-08-22,417,11,2389,347,63
2025-08-21,416,11,2389,347,63
2025-08-20,414,11,2388,347,63
2025-08-19,414,11,2388,347,62
2025-08-18,413,11,2388,348,62
2025-08-17,413,11,2387,348,62
2025-08-16,413,11,2387,348,63
2025-08-15,413,11,2387,346,63
2025-08-14,416,11,2387,346,63
2025-08-13,416,11,2387,346,63
2025-08-12,416,11,2387,346,63
2025-08-11,414,11,2387,345,61
2025-08-10,415,11,2387,346,61
2025-08-09,414,11,2387,346,61
2025-08-08,414,11,2387,346,61
2025-08-07,414,11,2387,346,61
2025-08-06,413,11,2387,346,60
2025-08-05,410,11,2388,346,57
2025-08-04,410,11,2390,346,57
2025-08-03,409,11,2389,345,56
2025-08-02,410,11,2390,345,55
2025-08-01,410,11,2390,345,55
2025-07-31,410,11,2390,345,56
2025-07-30,410,11,2390,343,56
2025-07-29,412,11,2390,343,56
2025-07-28,412,11,2388,343,56
2025-07-27,414,11,2388,343,56
2025-07-26,414,11,2388,343,56
2025-07-25,414,11,2388,343,56
2025-07-24,414,9,2388,343,56
2025-07-23,416,9,2388,343,56
2025-07-22,415,9,2388,343,56
2025-07-21,415,9,2388,343,56
2025-07-20,415,9,2382,342,56
2025-07-19,419,8,2382,342,56
2025-07-18,420,8,2383,342,57
2025-07-17,418,8,2381,341,56
2025-07-16,421,9,2379,341,58
2025-07-15,422,9,2379,341,57
2025-07-14,422,9,2379,341,58
2025-07-13,422,9,2379,341,58
2025-07-12,422,9,2378,341,58
2025-07-11,423,9,2378,341,58
2025-07-10,422,9,2376,341,57
2025-07-09,424,9,2377,341,57
2025-07-08,423,9,2377,341,57
2025-07-07,420,9,2377,341,57
2025-07-06,419,9,2377,341,57
2025-07-05,417,9,2377,340,56
2025-07-04,418,9,2378,340,57
2025-07-03,418,9,2378,339,57
2025-07-02,418,9,2378,339,57
2025-07-01,418,9,2378,338,58
2025-06-30,416,9,2378,338,57
2025-06-29,416,10,2374,337,57
2025-06-28,421,10,2374,337,59
2025-06-27,420,10,2374,337,59
2025-06-26,419,10,2374,337,59
2025-06-25,418,9,2373,337,59
2025-06-24,419,9,2373,337,60
2025-06-23,416,9,2372,337,60
2025-06-22,417,9,2372,337,60
2025-06-21,416,9,2372,337,59
2025-06-20,416,9,2372,338,59
2025-06-19,415,9,2372,338,58
2025-06-18,415,10,2373,338,58
2025-06-17,411,10,2373,338,55
2025-06-16,410,10,2374,339,55
2025-06-15,410,10,2374,340,55
2025-06-14,409,10,2375,339,55
2025-06-13,409,10,2375,339,55
2025-06-12,409,10,2375,339,55
2025-06-11,407,10,2373,338,54
2025-06-10,409,10,2373,339,54
2025-06-09,407,10,2373,339,54
2025-06-08,406,10,2373,339,54
2025-06-07,404,10,2373,338,54
2025-06-06,403,10,2373,338,53
2025-06-05,401,10,2373,338,53
2025-06-04,400,10,2374,338,52
2025-06-03,399,11,2372,338,52
2025-06-02,401,11,2372,338,52
2025-06-01,398,11,2372,338,52
2025-05-31,397,11,2372,338,52
2025-05-30,397,11,2366,338,52
2025-05-29,397,16,2366,338,52
2025-05-28,396,17,2366,338,52
2025-05-27,397,17,2366,337,53
2025-05-26,398,17,2366,337,54
2025-05-25,397,17,2365,336,53
2025-05-24,399,17,2366,336,53
2025-05-23,398,17,2366,336,53
2025-05-22,395,17,2366,334,52
2025-05-21,396,17,2367,334,52
2025-05-20,396,17,2367,334,52
2025-05-19,395,17,2367,334,52
2025-05-18,395,17,2364,334,52
2025-05-17,398,17,2364,334,53
2025-05-16,395,17,2364,334,53
2025-05-15,395,17,2364,334,53
2025-05-14,393,17,2364,334,53
2025-05-13,393,16,2364,334,53
2025-05-12,393,16,2364,334,53
2025-05-11,392,16,2364,334,53
2025-05-10,392,16,2364,334,53
2025-05-09,391,16,2364,334,52
2025-05-08,387,16,2363,335,51
2025-05-07,387,16,2364,334,51
2025-05-06,387,16,2365,335,52
2025-05-05,387,16,2365,335,52
2025-05-04,387,16,2365,334,52
2025-05-03,388,16,2365,334,52
2025-05-02,387,16,2365,334,52
2025-05-01,387,16,2365,334,52
2025-04-30,386,16,2365,334,52
2025-04-29,386,16,2365,334,52
2025-04-28,385,16,2363,334,52
2025-04-27,386,16,2363,334,52
2025-04-26,386,16,2363,334,52
2025-04-25,383,16,2363,334,50
2025-04-24,383,16,2363,334,51
2025-04-23,385,16,2363,334,51
2025-04-22,385,16,2363,333,51
2025-04-21,385,16,2363,333,51
2025-04-20,385,16,2363,333,51
2025-04-19,385,16,2363,331,51
2025-04-18,386,16,2363,331,51
2025-04-17,384,16,2363,331,50
2025-04-16,384,16,2364,331,50
2025-04-15,380,16,2364,331,49
2025-04-14,377,16,2364,330,48
2025-04-13,378,16,2364,330,48
2025-04-12,378,16,2364,330,48
2025-04-11,378,16,2364,330,48
2025-04-10,376,16,2362,330,48
2025-04-09,378,16,2362,330,48
2025-04-08,375,16,2362,330,48
2025-04-07,373,16,2360,330,48
2025-04-06,374,15,2360,330,48
2025-04-05,374,15,2360,330,49
2025-04-04,374,15,2360,330,49
2025-04-03,373,15,2360,329,49
2025-04-02,373,15,2360,329,49
2025-04-01,372,15,2357,327,49
2025-03-31,376,15,2357,326,51
2025-03-30,374,15,2358,326,51
2025-03-29,374,15,2358,326,51
2025-03-28,372,15,2358,326,50
2025-03-27,372,15,2358,327,50
2025-03-26,371,15,2358,327,50
2025-03-25,370,15,2358,327,50
2025-03-24,369,15,2358,327,50
2025-03-23,369,15,2358,327,50
2025-03-22,368,15,2358,327,50
2025-03-21,365,15,2358,327,49
2025-03-20,364,15,2359,327,49
2025-03-19,362,15,2359,327,49
2025-03-18,362,15,2359,327,49
2025-03-17,359,15,2359,327,49
2025-03-16,357,15,2359,327,49
2025-03-15,356,15,2359,327,49
2025-03-14,356,15,2359,327,49
2025-03-13,355,15,2359,327,49
2025-03-12,354,15,2359,327,49
2025-03-11,353,15,2358,327,49
2025-03-10,353,15,2358,327,49
2025-03-09,352,15,2358,327,48
2025-03-08,350,15,2359,327,48
2025-03-07,350,15,2359,327,48
2025-03-06,349,15,2359,326,48
2025-03-05,350,15,2359,326,48
2025-03-04,350,15,2358,325,48
2025-03-03,352,15,2358,324,49
2025-03-02,350,15,2357,323,48
2025-03-01,351,15,2357,323,49
2025-02-28,351,15,2357,323,49
2025-02-27,350,15,2357,323,49
2025-02-26,350,15,2357,323,49
2025-02-25,349,15,2356,323,49
2025-02-24,346,14,2352,323,49
2025-02-23,351,15,2353,323,50
2025-02-22,351,15,2354,323,50
2025-02-21,350,15,2354,323,50
2025-02-20,348,15,2354,323,49
2025-02-19,348,16,2354,323,49
2025-02-18,347,16,2354,323,49
2025-02-17,345,16,2352,323,49
2025-02-16,348,16,2352,323,50
2025-02-15,348,16,2352,323,50
2025-02-14,347,15,2351,323,50
2025-02-13,347,15,2351,323,49
2025-02-12,345,15,2351,324,49
2025-02-11,344,15,2351,323,49
2025-02-10,345,15,2351,323,49
2025-02-09,345,15,2351,323,49
2025-02-08,345,15,2350,323,49
2025-02-07,344,15,2350,323,48
2025-02-06,342,15,2350,323,48
2025-02-05,343,15,2349,323,48
2025-02-04,343,15,2349,323,48
2025-02-03,341,15,2347,323,48
2025-02-02,343,15,2347,323,49
2025-02-01,341,14,2347,322,49
2025-01-31,342,14,2347,322,51
2025-01-30,341,14,2347,322,51
2025-01-29,341,14,2347,322,51
2025-01-28,340,14,2347,322,51
2025-01-27,339,14,2347,322,51
2025-01-26,339,14,2347,322,51
2025-01-25,336,14,2347,321,50
2025-01-24,336,14,2348,321,50
2025-01-23,335,14,2348,321,50
2025-01-22,334,14,2348,320,50
2025-01-21,333,14,2348,321,50
2025-01-20,332,14,2348,321,50
2025-01-19,330,14,2348,321,49
2025-01-18,330,15,2348,321,49
2025-01-17,329,15,2348,321,49
2025-01-16,327,15,2347,321,47
2025-01-15,326,15,2348,323,47
2025-01-14,322,15,2347,323,46
2025-01-13,322,16,2347,322,45
2025-01-12,322,16,2348,323,45
2025-01-11,321,16,2348,323,45
2025-01-10,321,16,2347,323,45
2025-01-09,322,16,2345,323,45
2025-01-08,324,16,2346,323,45
2025-01-07,323,16,2345,323,44
2025-01-06,322,16,2345,324,45
2025-01-05,321,16,2343,323,45
2025-01-04,323,16,2343,316,46
2025-01-03,326,17,2341,316,46
2025-01-02,325,17,2341,316,47
2025-01-01,327,17,2341,316,49
2024-12-31,326,17,2341,316,48
2024-12-30,326,17,2342,316,48
2024-12-29,325,17,2342,316,48
2024-12-28,324,17,2342,316,48
2024-12-27,324,17,2342,316,48
2024-12-26,323,17,2341,316,48
2024-12-25,325,17,2341,316,48
2024-12-24,325,17,2341,316,48
2024-12-23,324,17,2341,316,47
2024-12-22,324,18,2341,315,47
2024-12-21,325,18,2341,315,47
2024-12-20,325,18,2341,315,47
2024-12-19,325,18,2341,315,47
2024-12-18,325,18,2341,314,47
2024-12-17,325,18,2335,312,47
2024-12-16,332,18,2335,312,50
2024-12-15,332,18,2335,312,50
2024-12-14,332,18,2335,312,50
2024-12-13,332,18,2335,311,50
2024-12-12,332,18,2335,311,49
2024-12-11,333,18,2335,311,50
2024-12-10,333,18,2335,311,50
2024-12-09,332,18,2335,311,50
2024-12-08,332,18,2335,312,50
2024-12-07,331,18,2335,309,50
2024-12-06,334,18,2335,309,50
2024-12-05,334,18,2335,309,50
2024-12-04,333,18,2335,309,50
2024-12-03,332,18,2335,309,50
2024-12-02,332,18,2335,309,51
2024-12-01,332,18,2335,309,51
2024-11-30,331,18,2335,309,51
2024-11-29,331,18,2335,309,51
2024-11-28,331,18,2335,309,51
2024-11-27,331,18,2335,309,51
2024-11-26,330,18,2335,309,51
2024-11-25,330,18,2335,309,51
2024-11-24,329,18,2335,309,51
2024-11-23,329,18,2335,309,51
2024-11-22,327,18,2335,308,49
2024-11-21,328,18,2337,307,50
2024-11-20,327,18,2337,307,50
2024-11-19,327,18,2337,307,50
2024-11-18,325,18,2336,307,48
2024-11-17,324,18,2338,307,48
2024-11-16,324,18,2338,307,48
2024-11-15,322,18,2338,307,48
2024-11-14,321,18,2338,307,48
2024-11-13,317,17,2337,305,46
2024-11-12,321,17,2337,307,48
2024-11-11,319,17,2337,307,48
2024-11-10,318,17,2337,306,48
2024-11-09,319,17,2337,306,49
2024-11-08,319,17,2337,306,49
2024-11-07,316,17,2335,303,49
2024-11-06,320,17,2335,303,49
2024-11-05,320,15,2335,303,49
2024-11-04,322,15,2334,303,49
2024-11-03,322,15,2334,303,49
2024-11-02,322,15,2334,303,49
2024-11-01,322,15,2332,301,49
2024-10-31,326,15,2332,301,50
2024-10-30,325,15,2332,301,50
2024-10-29,325,15,2332,301,50
2024-10-28,325,15,2332,301,50
2024-10-27,324,15,2332,301,50
2024-10-26,324,15,2332,301,50
2024-10-25,324,15,2332,301,50
2024-10-24,324,15,2332,301,50
2024-10-23,324,15,2332,300,50
2024-10-22,324,15,2332,300,50
2024-10-21,322,15,2333,300,49
2024-10-20,320,15,2334,300,47
2024-10-19,319,15,2336,300,46
2024-10-18,319,15,2337,300,46
2024-10-17,315,15,2337,300,43
2024-10-16,315,15,2339,300,43
2024-10-15,316,15,2339,300,43
2024-10-14,314,15,2339,300,43
2024-10-13,312,15,2332,300,42
2024-10-12,318,15,2332,300,44
2024-10-11,318,15,2332,300,44
2024-10-10,318,15,2332,300,44
2024-10-09,317,15,2332,300,44
2024-10-08,316,15,2332,300,44
2024-10-07,315,15,2332,300,44
2024-10-06,314,15,2331,299,43
2024-10-05,316,16,2331,299,43
2024-10-04,314,16,2331,299,42
2024-10-03,314,16,2331,299,42
2024-10-02,311,16,2331,299,40
2024-10-01,311,16,2331,300,40
2024-09-30,311,16,2331,300,40
2024-09-29,310,16,2331,300,40
2024-09-28,310,15,2330,300,40
2024-09-27,312,15,2330,300,41
2024-09-26,311,15,2330,300,41
2024-09-25,311,15,2330,300,41
2024-09-24,311,15,2330,300,41
2024-09-23,311,15,2330,300,41
2024-09-22,310,15,2330,300,41
2024-09-21,310,15,2330,300,41
2024-09-20,310,15,2330,300,41
2024-09-19,309,15,2330,300,40
2024-09-18,309,15,2330,301,40
2024-09-17,309,15,2329,301,40
2024-09-16,309,15,2327,301,39
2024-09-15,311,15,2327,301,40
2024-09-14,311,15,2327,301,40
2024-09-13,310,15,2327,301,39
2024-09-12,309,15,2327,299,39
2024-09-11,311,15,2327,299,39
2024-09-10,310,15,2327,299,39
2024-09-09,310,15,2327,299,39
2024-09-08,309,15,2326,299,38
2024-09-07,310,15,2326,301,38
2024-09-06,310,15,2326,301,38
2024-09-05,308,15,2326,301,38
2024-09-04,307,15,2324,301,38
2024-09-03,309,15,2324,301,39
2024-09-02,309,15,2324,301,39
2024-09-01,308,15,2322,301,39
2024-08-31,309,15,2322,301,38
2024-08-30,309,16,2322,302,38
2024-08-29,309,16,2322,302,38
2024-08-28,309,16,2322,302,38
2024-08-27,308,16,2322,302,38
2024-08-26,308,15,2322,300,38
2024-08-25,311,15,2322,300,38
2024-08-24,310,15,2322,300,38
2024-08-23,310,15,2322,300,38
2024-08-22,310,15,2322,300,38
2024-08-21,309,15,2322,300,38
2024-08-20,309,15,2322,300,38
2024-08-19,309,15,2321,300,38
2024-08-18,309,15,2321,300,39
2024-08-17,309,15,2321,300,39
2024-08-16,308,15,2321,300,39
2024-08-15,307,14,2321,299,38
2024-08-14,309,15,2321,299,38
2024-08-13,308,15,2321,299,38
2024-08-12,308,15,2321,299,38
2024-08-11,307,15,2321,299,38
2024-08-10,307,15,2321,299,38
2024-08-09,307,15,2321,299,38
2024-08-08,307,15,2321,299,38
2024-08-07,306,15,2321,297,38
2024-08-06,308,15,2319,297,38
2024-08-05,310,15,2319,297,39
2024-08-04,310,15,2319,297,39
2024-08-03,310,15,2319,297,39
2024-08-02,310,15,2318,297,39
2024-08-01,311,15,2318,297,39
2024-07-31,311,15,2318,297,39
2024-07-30,309,15,2318,297,39
2024-07-29,309,15,2318,297,39
2024-07-28,309,15,2318,297,39
2024-07-27,309,15,2318,297,39
2024-07-26,305,15,2318,296,38
2024-07-25,306,16,2318,296,39
2024-07-24,306,16,2318,296,39
2024-07-23,306,16,2318,296,39
2024-07-22,306,16,2314,295,39
2024-07-21,311,16,2314,295,40
2024-07-20,310,16,2314,293,40
2024-07-19,313,16,2314,293,41
2024-07-18,312,16,2314,293,41
2024-07-17,308,15,2313,292,40
2024-07-16,311,15,2314,292,41
2024-07-15,311,15,2314,292,41
2024-07-14,310,15,2314,292,41
2024-07-13,310,15,2314,292,41
2024-07-12,309,15,2314,292,41
2024-07-11,309,15,2312,292,41
2024-07-10,310,15,2312,292,41
2024-07-09,310,15,2312,292,41
2024-07-08,310,15,2312,292,41
2024-07-07,310,15,2312,292,41
2024-07-06,310,15,2312,292,41
2024-07-05,310,15,2312,292,41
2024-07-04,310,15,2312,292,41
2024-07-03,310,15,2312,292,41
2024-07-02,310,15,2311,292,41
2024-07-01,309,15,2311,292,40
2024-06-30,309,15,2312,292,40
2024-06-29,309,15,2312,292,40
2024-06-28,308,15,2312,292,40
2024-06-27,308,15,2312,292,40
2024-06-26,306,14,2308,290,40
2024-06-25,312,14,2307,290,41
2024-06-24,313,14,2307,289,41
2024-06-23,314,14,2307,289,41
2024-06-22,314,14,2307,289,41
2024-06-21,313,14,2307,289,41
2024-06-20,312,14,2307,289,41
2024-06-19,312,14,2307,289,41
2024-06-18,312,14,2307,289,41
2024-06-17,311,14,2306,289,41
2024-06-16,312,14,2307,289,41
2024-06-15,311,14,2307,289,41
2024-06-14,311,14,2307,289,42
2024-06-13,311,14,2307,289,42
2024-06-12,311,14,2307,289,42
2024-06-11,311,14,2306,289,42
2024-06-10,309,14,2305,289,43
2024-06-09,310,14,2305,289,43
2024-06-08,310,14,2305,289,43
2024-06-07,308,14,2305,288,42
2024-06-06,307,12,2307,288,42
2024-06-05,311,12,2306,288,43
2024-06-04,312,12,2306,288,44
2024-06-03,312,12,2305,288,44
2024-06-02,312,12,2304,287,44
2024-06-01,314,12,2304,287,44
2024-05-31,312,12,2304,287,44
2024-05-30,312,12,2304,287,44
2024-05-29,310,12,2304,287,43
2024-05-28,309,12,2304,287,42
2024-05-27,309,12,2304,287,42
2024-05-26,310,12,2303,285,42
2024-05-25,312,12,2303,285,43
2024-05-24,312,12,2303,285,43
2024-05-23,312,12,2303,285,43
2024-05-22,312,12,2303,285,43
2024-05-21,312,12,2301,285,43
2024-05-20,314,12,2301,285,43
2024-05-19,313,12,2301,284,43
2024-05-18,312,12,2301,284,44
2024-05-17,312,12,2301,284,44
2024-05-16,311,12,2301,284,44
2024-05-15,311,12,2301,284,44
2024-05-14,311,12,2301,284,44
2024-05-13,311,12,2301,284,44
2024-05-12,311,12,2301,284,44
2024-05-11,310,12,2301,284,44
2024-05-10,310,12,2302,284,44
2024-05-09,310,12,2301,283,44
2024-05-08,311,12,2297,283,45
2024-05-07,314,12,2296,283,46
2024-05-06,315,12,2296,284,46
2024-05-05,315,12,2296,282,46
2024-05-04,317,12,2296,282,46
2024-05-03,317,12,2296,282,46
2024-05-02,317,12,2296,281,46
2024-05-01,315,12,2296,281,46
2024-04-30,314,12,2295,281,46
2024-04-29,314,12,2295,280,46
2024-04-28,315,12,2295,280,46
2024-04-27,315,12,2295,280,46
2024-04-26,314,12,2295,279,46
2024-04-25,314,12,2295,279,47
2024-04-24,313,12,2295,279,47
2024-04-23,313,12,2295,279,47
2024-04-22,313,12,2295,278,47
2024-04-21,314,12,2295,278,47
2024-04-20,313,12,2295,278,46
2024-04-19,312,13,2295,278,45
2024-04-18,312,13,2296,278,45
2024-04-17,309,13,2295,278,45
2024-04-16,309,13,2295,278,46
2024-04-15,308,13,2295,278,46
2024-04-14,307,13,2295,278,46
2024-04-13,306,13,2295,278,45
2024-04-12,306,14,2295,278,45
2024-04-11,306,14,2295,278,45
2024-04-10,306,14,2295,278,45
2024-04-09,306,14,2295,278,45
2024-04-08,305,14,2295,278,44
2024-04-07,302,14,2295,279,43
2024-04-06,301,14,2296,279,43
2024-04-05,301,14,2295,279,43
2024-04-04,302,14,2295,279,43
2024-04-03,301,14,2296,279,43
2024-04-02,300,14,2296,279,42
2024-04-01,296,13,2290,279,42
2024-03-31,304,13,2289,277,43
2024-03-30,308,13,2289,277,43
2024-03-29,308,13,2289,277,43
2024-03-28,308,13,2290,277,43
2024-03-27,307,13,2290,277,43
2024-03-26,306,13,2288,277,43
2024-03-25,307,13,2288,277,44
2024-03-24,307,13,2288,277,44
2024-03-23,307,13,2288,277,44
2024-03-22,307,13,2288,277,44
2024-03-21,307,13,2288,277,44
2024-03-20,306,13,2287,277,44
2024-03-19,306,13,2287,277,45
2024-03-18,306,13,2287,277,45
2024-03-17,306,13,2287,277,45
2024-03-16,306,13,2287,277,45
2024-03-15,306,13,2287,277,45
2024-03-14,306,12,2286,277,45
2024-03-13,308,12,2286,277,46
2024-03-12,307,12,2286,277,46
2024-03-11,307,12,2284,276,46
2024-03-10,309,12,2284,276,46
2024-03-09,308,12,2285,276,46
2024-03-08,308,12,2284,275,46
2024-03-07,310,12,2282,275,47
2024-03-06,311,12,2281,274,47
2024-03-05,313,12,2282,274,48
2024-03-04,313,12,2282,274,48
2024-03-03,313,12,2282,274,48
2024-03-02,312,12,2282,274,48
2024-03-01,310,12,2282,274,47
2024-02-29,310,12,2283,274,47
2024-02-28,310,12,2283,274,47
2024-02-27,310,12,2283,274,47
2024-02-26,309,12,2283,274,46
2024-02-25,306,12,2284,274,46
2024-02-24,306,12,2284,274,46
2024-02-23,306,12,2284,274,46
2024-02-22,304,12,2284,273,46
2024-02-21,305,12,2284,273,46
2024-02-20,304,12,2282,273,46
2024-02-19,306,12,2282,273,46
2024-02-18,306,12,2282,273,46
2024-02-17,306,12,2282,273,46
2024-02-16,305,12,2282,273,46
2024-02-15,304,12,2282,273,46
2024-02-14,304,12,2282,273,46
2024-02-13,304,12,2282,273,46
2024-02-12,305,12,2281,273,46
2024-02-11,306,12,2281,273,46
2024-02-10,306,12,2281,273,46
2024-02-09,306,12,2281,273,46
2024-02-08,306,12,2281,273,46
2024-02-07,306,12,2281,272,46
2024-02-06,306,12,2280,272,45
2024-02-05,305,12,2277,272,44
2024-02-04,309,12,2277,273,46
2024-02-03,309,12,2277,273,46
2024-02-02,308,12,2277,273,46
2024-02-01,308,12,2277,273,46
2024-01-31,306,12,2277,273,46
2024-01-30,306,12,2277,273,46
2024-01-29,305,12,2277,273,46
2024-01-28,303,11,2277,273,46
2024-01-27,304,11,2277,273,46
2024-01-26,304,11,2277,273,46
2024-01-25,304,11,2277,273,46
2024-01-24,303,11,2277,273,46
2024-01-23,303,11,2277,273,46
2024-01-22,302,11,2277,273,46
2024-01-21,302,11,2277,273,46
2024-01-20,302,11,2277,273,46
2024-01-19,301,11,2277,272,46
2024-01-18,302,11,2277,272,46
2024-01-17,301,11,2277,272,46
2024-01-16,301,11,2277,272,46
2024-01-15,300,11,2277,272,46
2024-01-14,299,11,2277,272,46
2024-01-13,298,11,2278,272,46
2024-01-12,297,11,2278,272,46
2024-01-11,294,11,2278,272,46
2024-01-10,294,11,2278,272,46
2024-01-09,292,11,2279,272,45
2024-01-08,292,11,2274,272,45
2024-01-07,296,11,2274,272,46
2024-01-06,295,11,2272,270,45
2024-01-05,299,11,2273,270,46
2024-01-04,299,11,2273,270,46
2024-01-03,297,11,2273,270,46
2024-01-02,296,11,2273,269,46
2024-01-01,297,10,2273,269,47
2023-12-31,297,10,2273,269,47
2023-12-30,297,10,2273,269,47
2023-12-29,297,10,2273,269,47
2023-12-28,296,10,2273,269,47
2023-12-27,295,10,2273,269,47
2023-12-26,295,10,2273,269,47
2023-12-25,295,10,2273,269,47
2023-12-24,295,10,2273,269,47
2023-12-23,295,10,2273,269,47
2023-12-22,295,10,2273,269,47
2023-12-21,294,10,2273,269,47
2023-12-20,293,10,2273,269,46
2023-12-19,293,11,2273,269,46
2023-12-18,292,11,2273,269,46
2023-12-17,292,11,2272,269,46
2023-12-16,293,11,2272,268,46
2023-12-15,294,11,2272,268,46
2023-12-14,293,11,2271,268,46
2023-12-13,293,11,2270,268,47
2023-12-12,293,11,2270,268,46
2023-12-11,292,10,2269,268,45
2023-12-10,295,10,2270,268,46
2023-12-09,294,10,2270,268,46
2023-12-08,294,10,2270,268,46
2023-12-07,294,10,2270,268,46
2023-12-06,294,10,2270,266,46
2023-12-05,296,10,2270,265,47
2023-12-04,296,10,2269,265,47
2023-12-03,297,10,2269,265,48
2023-12-02,296,10,2269,265,48
2023-12-01,296,10,2269,265,48
2023-11-30,295,10,2268,265,47
2023-11-29,296,11,2268,265,47
2023-11-28,296,11,2268,265,47
2023-11-27,296,11,2268,265,47
2023-11-26,294,11,2267,265,46
2023-11-25,296,12,2267,265,47
2023-11-24,295,12,2267,265,47
2023-11-23,295,12,2267,265,47
2023-11-22,294,12,2267,265,47
2023-11-21,294,12,2267,265,47
2023-11-20,292,12,2267,265,46
2023-11-19,292,12,2267,265,46
2023-11-18,293,12,2267,265,46
2023-11-17,290,12,2267,265,44
2023-11-16,289,12,2267,266,43
2023-11-15,289,11,2265,266,43
2023-11-14,291,12,2265,266,43
2023-11-13,291,11,2262,265,43
2023-11-12,294,11,2262,265,43
2023-11-11,294,11,2262,265,43
2023-11-10,294,11,2263,265,43
2023-11-09,294,11,2263,265,43
2023-11-08,292,11,2258,265,43
2023-11-07,296,11,2258,265,47
2023-11-06,295,11,2258,265,47
2023-11-05,295,11,2258,265,47
2023-11-04,294,11,2258,265,47
2023-11-03,294,11,2258,265,47
2023-11-02,294,11,2258,265,47
2023-11-01,294,11,2258,265,47
2023-10-31,294,11,2258,265,47
2023-10-30,293,10,2258,265,47
2023-10-29,293,11,2259,265,47
2023-10-28,289,11,2259,262,45
2023-10-27,291,11,2260,264,46
2023-10-26,290,11,2260,264,46
2023-10-25,288,11,2260,264,46
2023-10-24,288,11,2260,263,46
2023-10-23,285,11,2260,263,43
2023-10-22,284,11,2262,263,43
2023-10-21,285,11,2262,263,43
2023-10-20,285,10,2262,263,43
2023-10-19,285,10,2262,262,43
2023-10-18,286,10,2263,262,43
2023-10-17,286,10,2263,262,43
2023-10-16,285,10,2261,261,43
2023-10-15,286,10,2261,261,42
2023-10-14,286,10,2262,261,42
2023-10-13,286,10,2262,261,42
2023-10-12,286,10,2262,261,42
2023-10-11,284,10,2261,261,42
2023-10-10,285,10,2261,261,42
2023-10-09,284,10,2261,261,42
2023-10-08,284,10,2260,261,42
2023-10-07,285,10,2260,261,42
2023-10-06,285,10,2260,261,42
2023-10-05,283,10,2259,261,41
2023-10-04,284,10,2259,262,41
2023-10-03,283,10,2259,262,41
2023-10-02,283,10,2259,262,41
2023-10-01,282,10,2259,262,41
2023-09-30,282,10,2259,262,41
2023-09-29,282,10,2259,262,41
2023-09-28,282,10,2259,262,41
2023-09-27,282,10,2259,262,41
2023-09-26,282,10,2259,262,41
2023-09-25,281,9,2259,262,40
2023-09-24,281,9,2260,262,40
2023-09-23,280,9,2260,262,40
2023-09-22,273,9,2260,262,39
2023-09-21,275,9,2259,262,42
2023-09-20,275,9,2259,262,41
2023-09-19,275,9,2259,263,41
2023-09-18,274,9,2257,263,40
2023-09-17,276,9,2258,263,42
2023-09-16,275,9,2258,263,42
2023-09-15,273,9,2258,263,42
2023-09-14,273,9,2258,263,42
2023-09-13,271,9,2258,261,40
2023-09-12,273,9,2259,262,40
2023-09-11,273,9,2259,262,40
2023-09-10,273,9,2259,262,40
2023-09-09,273,9,2259,262,40
2023-09-08,273,9,2259,262,40
2023-09-07,273,9,2259,262,40
2023-09-06,273,9,2259,262,40
2023-09-05,272,9,2258,262,40
2023-09-04,273,9,2257,262,41
2023-09-03,273,9,2257,263,41
2023-09-02,273,9,2257,263,41
2023-09-01,272,9,2257,263,40
2023-08-31,270,9,2257,263,39
2023-08-30,271,9,2257,264,40
2023-08-29,270,9,2257,264,40
2023-08-28,269,9,2257,264,40
2023-08-27,269,9,2257,264,40
2023-08-26,269,9,2257,264,40
2023-08-25,268,9,2257,264,40
2023-08-24,268,9,2257,264,40
2023-08-23,268,9,2256,264,40
2023-08-22,269,9,2256,264,40
2023-08-21,267,9,2255,264,38
2023-08-20,268,9,2255,260,38
2023-08-19,273,9,2255,260,38
2023-08-18,272,9,2256,260,38
2023-08-17,271,9,2255,260,38
2023-08-16,272,9,2255,260,38
2023-08-15,271,9,2255,260,38
2023-08-14,271,9,2255,260,38
2023-08-13,269,9,2253,258,38
2023-08-12,274,9,2253,258,40
2023-08-11,273,9,2253,258,39
2023-08-10,273,9,2254,258,39
2023-08-09,273,9,2254,258,39
2023-08-08,273,9,2254,258,39
2023-08-07,273,9,2254,258,39
2023-08-06,271,9,2253,258,39
2023-08-05,272,10,2253,258,40
2023-08-04,272,10,2253,258,40
2023-08-03,272,10,2252,258,40
2023-08-02,272,10,2252,259,40
2023-08-01,272,10,2252,259,40
2023-07-31,272,10,2252,259,40
2023-07-30,272,10,2252,259,40
2023-07-29,272,10,2252,259,40
2023-07-28,272,10,2251,259,40
2023-07-27,273,10,2251,259,40
2023-07-26,273,10,2251,259,40
2023-07-25,273,10,2251,259,40
2023-07-24,273,10,2251,259,40
2023-07-23,273,10,2246,259,40
2023-07-22,277,11,2246,259,41
2023-07-21,277,11,2246,259,41
2023-07-20,277,11,2246,259,41
2023-07-19,277,11,2246,259,41
2023-07-18,276,11,2246,258,40
2023-07-17,277,11,2244,259,41
2023-07-16,279,11,2244,259,41
2023-07-15,279,11,2244,259,41
2023-07-14,279,11,2244,259,41
2023-07-13,279,11,2244,259,41
2023-07-12,279,11,2244,259,41
2023-07-11,279,11,2244,259,41
2023-07-10,279,11,2244,259,41
2023-07-09,279,11,2244,259,41
2023-07-08,279,11,2244,259,41
2023-07-07,279,11,2244,259,41
2023-07-06,276,11,2244,258,38
2023-07-05,275,11,2246,259,38
2023-07-04,275,11,2247,259,38
2023-07-03,275,11,2247,259,38
2023-07-02,274,11,2246,259,38
2023-07-01,275,10,2246,259,39
2023-06-30,276,10,2246,259,40
2023-06-29,275,10,2246,259,40
2023-06-28,275,10,2246,259,40
2023-06-27,275,10,2246,259,40
2023-06-26,275,10,2241,258,40
2023-06-25,280,10,2241,258,43
2023-06-24,280,10,2241,258,43
2023-06-23,279,10,2241,258,43
2023-06-22,279,10,2241,258,43
2023-06-21,278,10,2241,258,43
2023-06-20,278,9,2241,258,43
2023-06-19,279,9,2240,258,43
2023-06-18,280,9,2240,258,43
2023-06-17,280,9,2240,257,43
2023-06-16,281,9,2240,257,43
2023-06-15,281,9,2240,257,43
2023-06-14,279,9,2239,256,41
2023-06-13,280,9,2240,257,41
2023-06-12,280,9,2240,257,41
2023-06-11,280,9,2239,257,41
2023-06-10,281,9,2239,257,41
2023-06-09,281,9,2239,257,41
2023-06-08,280,9,2237,257,41
2023-06-07,282,9,2237,257,41
2023-06-06,281,9,2237,257,41
2023-06-05,281,9,2237,257,41
2023-06-04,281,9,2237,257,41
2023-06-03,281,9,2237,257,41
2023-06-02,281,9,2237,257,41
2023-06-01,281,9,2237,257,41
2023-05-31,280,8,2236,257,41
2023-05-30,282,8,2236,257,42
2023-05-29,282,8,2236,257,42
2023-05-28,282,8,2236,257,42
2023-05-27,282,8,2236,257,42
2023-05-26,282,8,2236,257,42
2023-05-25,282,8,2236,257,42
2023-05-24,280,8,2236,257,42
2023-05-23,280,8,2236,257,42
2023-05-22,280,8,2236,257,42
2023-05-21,280,8,2236,257,42
2023-05-20,280,8,2236,257,42
2023-05-19,280,8,2236,257,42
2023-05-18,280,8,2235,257,42
2023-05-17,279,8,2233,257,42
2023-05-16,281,8,2233,256,42
2023-05-15,282,8,2233,256,42
2023-05-14,281,8,2231,256,42
2023-05-13,283,8,2231,255,42
2023-05-12,283,8,2231,255,41
2023-05-11,282,8,2232,254,40
2023-05-10,283,8,2232,254,40
2023-05-09,283,8,2232,254,40
2023-05-08,282,8,2232,253,40
2023-05-07,283,8,2232,253,40
2023-05-06,283,8,2232,253,40
2023-05-05,283,8,2231,251,40
2023-05-04,286,8,2231,250,40
2023-05-03,286,8,2231,250,40
2023-05-02,286,8,2231,250,40
2023-05-01,286,8,2229,250,40
2023-04-30,288,8,2229,250,40
2023-04-29,288,8,2229,250,40
2023-04-28,288,8,2229,250,40
2023-04-27,288,8,2229,250,40
2023-04-26,287,8,2229,250,39
2023-04-25,286,8,2228,249,38
2023-04-24,288,9,2228,249,39
2023-04-23,288,9,2228,249,39
2023-04-22,288,9,2228,249,39
2023-04-21,288,9,2228,249,39
2023-04-20,288,9,2228,249,39
2023-04-19,288,9,2228,249,39
2023-04-18,288,9,2228,249,39
2023-04-17,288,9,2228,249,39
2023-04-16,288,9,2228,249,39
2023-04-15,288,9,2228,248,39
2023-04-14,289,9,2228,247,39
2023-04-13,288,9,2228,247,38
2023-04-12,287,9,2229,247,38
2023-04-11,287,9,2229,247,39
2023-04-10,286,9,2229,247,39
2023-04-09,286,9,2229,247,39
2023-04-08,286,9,2229,246,39
2023-04-07,287,9,2229,246,39
2023-04-06,287,9,2225,246,39
2023-04-05,291,9,2225,246,40
2023-04-04,291,9,2224,246,40
2023-04-03,289,9,2223,247,39
2023-04-02,290,9,2223,247,39
2023-04-01,289,9,2221,247,39
2023-03-31,290,9,2222,247,39
2023-03-30,290,9,2222,247,39
2023-03-29,289,9,2222,247,39
2023-03-28,289,9,2221,247,39
2023-03-27,290,9,2220,247,39
2023-03-26,291,9,2220,247,39
2023-03-25,291,9,2220,247,39
2023-03-24,291,9,2220,247,39
2023-03-23,291,9,2220,247,39
2023-03-22,290,9,2220,247,38
2023-03-21,290,10,2220,247,38
2023-03-20,290,10,2220,247,38
2023-03-19,290,10,2220,247,38
2023-03-18,290,10,2220,247,38
2023-03-17,290,10,2220,247,38
2023-03-16,289,10,2220,246,38
2023-03-15,290,10,2220,246,38
2023-03-14,289,10,2218,246,37
2023-03-13,291,10,2218,247,38
2023-03-12,291,10,2217,247,38
2023-03-11,292,9,2217,246,38
2023-03-10,294,9,2217,246,38
2023-03-09,294,9,2217,246,38
2023-03-08,294,9,2216,246,38
2023-03-07,293,9,2216,246,39
2023-03-06,292,9,2214,245,39
2023-03-05,294,9,2215,245,39
2023-03-04,294,9,2215,245,39
2023-03-03,294,9,2214,244,39
2023-03-02,296,9,2214,244,40
2023-03-01,295,9,2214,244,40
2023-02-28,293,9,2214,244,40
2023-02-27,292,9,2215,244,40
2023-02-26,292,9,2215,243,40
2023-02-25,292,9,2215,243,39
2023-02-24,291,9,2216,243,39
2023-02-23,291,9,2216,243,39
2023-02-22,291,9,2215,243,39
2023-02-21,292,9,2215,243,39
2023-02-20,290,9,2214,243,39
2023-02-19,290,9,2214,243,40
2023-02-18,287,9,2214,243,39
2023-02-17,287,9,2214,243,39
2023-02-16,288,9,2214,243,39
2023-02-15,287,9,2212,243,39
2023-02-14,289,9,2211,242,39
2023-02-13,290,9,2211,243,39
2023-02-12,289,9,2211,243,39
2023-02-11,290,9,2211,243,40
2023-02-10,290,9,2211,243,40
2023-02-09,290,9,2211,243,40
2023-02-08,290,9,2211,242,40
2023-02-07,290,9,2211,242,40
2023-02-06,290,9,2211,243,40
2023-02-05,288,9,2210,243,39
2023-02-04,289,9,2210,244,39
2023-02-03,289,9,2210,244,39
2023-02-02,288,9,2210,243,39
2023-02-01,288,9,2210,243,39
2023-01-31,287,9,2209,242,38
2023-01-30,288,9,2210,241,39
2023-01-29,289,9,2210,241,39
2023-01-28,288,9,2210,241,39
2023-01-27,288,9,2210,241,39
2023-01-26,288,9,2210,241,39
2023-01-25,287,9,2210,241,39
2023-01-24,286,9,2210,241,39
2023-01-23,286,9,2210,238,39
2023-01-22,289,9,2211,238,39
2023-01-21,289,9,2211,238,39
2023-01-20,289,9,2211,238,39
2023-01-19,288,9,2211,237,39
2023-01-18,287,9,2211,237,39
2023-01-17,287,9,2211,237,39
2023-01-16,285,9,2211,237,38
2023-01-15,285,9,2212,237,38
2023-01-14,284,9,2212,237,38
2023-01-13,284,9,2212,237,38
2023-01-12,284,9,2212,237,38
2023-01-11,283,9,2210,237,38
2023-01-10,284,9,2208,237,38
2023-01-09,285,9,2208,238,38
2023-01-08,284,9,2208,238,38
2023-01-07,284,9,2208,238,38
2023-01-06,284,9,2208,238,38
2023-01-05,283,9,2208,238,37
2023-01-04,281,9,2208,239,36
2023-01-03,281,9,2210,239,36
2023-01-02,280,9,2210,238,36
2023-01-01,281,9,2210,238,36
2022-12-31,280,9,2210,238,36
2022-12-30,279,8,2209,238,35
2022-12-29,281,8,2209,239,36
2022-12-28,279,8,2209,239,36
2022-12-27,278,8,2209,239,36
2022-12-26,278,8,2209,239,36
2022-12-25,278,8,2208,239,36
2022-12-24,279,8,2208,239,36
2022-12-23,279,8,2208,239,36
2022-12-22,279,8,2208,239,36
2022-12-21,279,8,2208,239,36
2022-12-20,278,8,2208,239,36
2022-12-19,277,8,2208,239,36
2022-12-18,277,8,2208,239,36
2022-12-17,277,8,2208,239,36
2022-12-16,277,8,2208,239,36
2022-12-15,277,8,2207,239,36
2022-12-14,277,8,2207,239,36
2022-12-13,276,8,2206,238,36
2022-12-12,278,8,2205,238,37
2022-12-11,278,8,2205,239,37
2022-12-10,277,8,2205,239,36
2022-12-09,275,8,2206,239,36
2022-12-08,273,8,2203,239,34
2022-12-07,274,8,2204,241,34
2022-12-06,274,8,2204,241,34
2022-12-05,274,8,2204,241,34
2022-12-04,274,8,2204,241,34
2022-12-03,274,8,2204,241,34
2022-12-02,274,8,2204,241,34
2022-12-01,274,8,2204,241,34
2022-11-30,274,8,2201,241,34
2022-11-29,276,8,2201,241,36
2022-11-28,276,7,2201,241,36
2022-11-27,277,7,2200,240,36
2022-11-26,278,7,2200,240,36
2022-11-25,279,7,2200,240,37
2022-11-24,278,7,2200,240,36
2022-11-23,277,7,2201,240,36
2022-11-22,277,7,2200,240,36
2022-11-21,277,7,2200,240,36
2022-11-20,277,7,2200,240,36
2022-11-19,276,7,2200,240,36
2022-11-18,276,7,2200,240,36
2022-11-17,276,7,2199,240,36
2022-11-16,276,7,2199,240,36
2022-11-15,276,6,2199,239,36
2022-11-14,277,6,2197,238,36
2022-11-13,280,6,2197,238,36
2022-11-12,280,6,2197,238,36
2022-11-11,280,6,2197,238,36
2022-11-10,280,6,2197,238,36
2022-11-09,280,6,2195,237,36
2022-11-08,283,6,2195,237,36
2022-11-07,283,6,2195,237,36
2022-11-06,282,6,2194,234,36
2022-11-05,287,6,2194,234,38
2022-11-04,287,5,2194,233,38
2022-11-03,289,5,2194,233,39
2022-11-02,289,5,2192,233,39
2022-11-01,291,5,2192,233,39
2022-10-31,291,5,2192,233,39
2022-10-30,291,5,2191,231,39
2022-10-29,294,5,2191,231,39
2022-10-28,294,5,2190,231,39
2022-10-27,294,5,2189,230,39
2022-10-26,296,5,2189,230,40
2022-10-25,296,5,2189,230,40
2022-10-24,295,5,2189,230,40
2022-10-23,295,5,2189,230,40
2022-10-22,295,5,2187,230,40
2022-10-21,297,5,2187,230,41
2022-10-20,296,5,2187,230,40
2022-10-19,296,5,2187,230,40
2022-10-18,297,5,2187,229,40
2022-10-17,298,5,2184,229,41
2022-10-16,301,5,2184,229,41
2022-10-15,301,5,2184,228,41
2022-10-14,302,5,2184,228,41
2022-10-13,301,5,2184,228,41
2022-10-12,301,5,2184,228,41
2022-10-11,301,5,2184,228,41
2022-10-10,301,5,2182,228,41
2022-10-09,302,5,2181,226,42
2022-10-08,305,5,2181,226,42
2022-10-07,305,5,2181,226,42
2022-10-06,304,5,2181,226,42
2022-10-05,303,5,2180,225,42
2022-10-04,305,5,2179,225,43
2022-10-03,306,5,2179,225,43
2022-10-02,306,5,2179,225,43
2022-10-01,305,5,2179,225,43
2022-09-30,304,5,2179,225,42
2022-09-29,303,5,2180,225,42
2022-09-28,304,5,2180,225,43
2022-09-27,300,5,2180,225,42
2022-09-26,299,6,2180,225,42
2022-09-25,298,6,2180,225,42
2022-09-24,296,6,2180,225,42
2022-09-23,296,6,2180,225,42
2022-09-22,296,6,2180,225,42
2022-09-21,292,6,2180,225,39
2022-09-20,291,6,2179,227,39
2022-09-19,291,6,2178,227,39
2022-09-18,291,6,2178,228,40
2022-09-17,291,6,2178,228,40
2022-09-16,291,6,2178,228,40
2022-09-15,291,6,2178,228,40
2022-09-14,291,6,2178,228,40
2022-09-13,291,6,2178,228,40
2022-09-12,289,6,2178,228,38
2022-09-11,288,6,2178,230,38
2022-09-10,287,6,2178,230,37
2022-09-09,286,6,2178,229,37
2022-09-08,288,6,2176,229,37
2022-09-07,290,6,2175,229,37
2022-09-06,290,6,2175,229,37
2022-09-05,288,6,2175,228,37
2022-09-04,288,6,2175,228,36
2022-09-03,288,6,2175,229,36
2022-09-02,288,6,2175,229,36
2022-09-01,286,6,2175,229,35
2022-08-31,286,7,2174,228,35
2022-08-30,287,7,2174,228,35
2022-08-29,287,7,2174,228,34
2022-08-28,287,7,2175,228,34
2022-08-27,287,7,2175,228,34
2022-08-26,286,7,2175,228,34
2022-08-25,286,7,2175,228,34
2022-08-24,286,7,2175,228,34
2022-08-23,286,7,2174,228,34
2022-08-22,287,7,2173,228,34
2022-08-21,286,7,2173,228,34
2022-08-20,286,8,2172,227,34
2022-08-19,287,8,2172,227,34
2022-08-18,287,8,2172,227,34
2022-08-17,287,8,2172,227,34
2022-08-16,287,8,2171,227,34
2022-08-15,288,8,2171,227,34
2022-08-14,288,8,2171,226,34
2022-08-13,289,8,2171,226,34
2022-08-12,289,8,2171,226,34
2022-08-11,289,8,2171,226,34
2022-08-10,288,8,2171,223,34
2022-08-09,291,8,2171,223,34
2022-08-08,291,8,2171,223,34
2022-08-07,290,8,2171,223,34
2022-08-06,289,8,2171,222,33
2022-08-05,289,8,2172,222,33
2022-08-04,288,8,2171,221,33
2022-08-03,291,8,2171,221,35
2022-08-02,291,8,2171,221,35
2022-08-01,291,8,2171,221,35
2022-07-31,289,8,2169,221,35
2022-07-30,291,8,2168,221,35
2022-07-29,292,8,2168,221,36
2022-07-28,292,8,2167,221,36
2022-07-27,292,8,2167,221,36
2022-07-26,291,8,2166,220,36
2022-07-25,293,8,2161,220,36
2022-07-24,298,8,2161,220,36
2022-07-23,297,8,2161,220,36
2022-07-22,297,8,2161,220,36
2022-07-21,297,8,2161,220,36
2022-07-20,295,8,2161,220,36
2022-07-19,295,8,2160,220,36
2022-07-18,296,8,2160,220,36
2022-07-17,296,8,2160,220,36
2022-07-16,296,8,2160,220,36
2022-07-15,296,8,2160,220,36
2022-07-14,296,8,2160,220,36
2022-07-13,295,8,2160,220,36
2022-07-12,295,8,2160,220,36
2022-07-11,294,8,2160,220,36
2022-07-10,294,8,2160,219,36
2022-07-09,295,8,2160,219,36
2022-07-08,295,8,2159,219,36
2022-07-07,295,8,2159,219,36
2022-07-06,295,8,2159,219,36
2022-07-05,295,8,2159,219,36
2022-07-04,295,8,2159,219,36
2022-07-03,295,8,2159,219,36
2022-07-02,295,8,2159,219,36
2022-07-01,294,8,2159,217,36
2022-06-30,296,8,2159,217,38
2022-06-29,296,8,2159,217,38
2022-06-28,294,8,2159,217,37
2022-06-27,293,8,2158,216,37
2022-06-26,295,8,2159,216,37
2022-06-25,295,8,2159,215,37
2022-06-24,294,8,2159,215,37
2022-06-23,293,8,2159,215,37
2022-06-22,292,8,2159,215,37
2022-06-21,292,8,2156,214,37
2022-06-20,295,8,2156,215,37
2022-06-19,295,8,2156,215,37
2022-06-18,295,8,2156,215,37
2022-06-17,295,8,2156,215,37
2022-06-16,294,8,2155,213,36
2022-06-15,297,8,2155,213,36
2022-06-14,297,8,2155,213,36
2022-06-13,297,8,2155,213,36
2022-06-12,296,8,2155,212,36
2022-06-11,296,8,2154,212,36
2022-06-10,296,8,2154,212,36
2022-06-09,296,8,2154,211,36
2022-06-08,297,8,2152,211,36
2022-06-07,297,8,2152,211,36
2022-06-06,296,8,2152,211,36
2022-06-05,295,8,2152,211,36
2022-06-04,295,8,2152,211,36
2022-06-03,294,8,2152,210,36
2022-06-02,294,8,2150,210,36
2022-06-01,296,8,2150,207,36
2022-05-31,299,8,2147,206,37
2022-05-30,303,8,2147,206,37
2022-05-29,303,8,2144,205,37
2022-05-28,307,8,2144,205,37
2022-05-27,307,8,2142,205,37
2022-05-26,309,8,2142,205,37
2022-05-25,308,8,2142,205,36
2022-05-24,308,8,2141,205,36
2022-05-23,310,8,2141,204,36
2022-05-22,311,8,2141,204,37
2022-05-21,311,8,2141,204,37
2022-05-20,311,8,2140,204,37
2022-05-19,312,8,2136,204,37
2022-05-18,315,9,2136,204,37
2022-05-17,314,9,2136,204,37
2022-05-16,314,9,2136,204,37
2022-05-15,314,9,2135,204,37
2022-05-14,315,9,2135,204,38
2022-05-13,315,9,2135,204,38
2022-05-12,315,9,2135,204,38
2022-05-11,314,9,2135,204,38
2022-05-10,314,9,2132,204,38
2022-05-09,317,9,2132,204,38
2022-05-08,317,9,2132,204,38
2022-05-07,315,9,2132,204,38
2022-05-06,314,9,2131,204,38
2022-05-05,313,9,2130,204,38
2022-05-04,313,9,2130,204,37
2022-05-03,313,9,2130,205,37
2022-05-02,311,9,2130,205,37
2022-05-01,310,9,2129,202,36
2022-04-30,313,9,2129,203,37
2022-04-29,310,9,2129,203,37
2022-04-28,310,9,2129,202,37
2022-04-27,308,9,2129,202,36
2022-04-26,308,9,2127,202,35
2022-04-25,311,9,2125,201,35
2022-04-24,313,9,2125,201,37
2022-04-23,313,9,2125,201,37
2022-04-22,313,9,2125,201,37
2022-04-21,312,9,2125,201,37
2022-04-20,312,9,2125,201,37
2022-04-19,312,9,2125,201,37
2022-04-18,312,9,2125,200,37
2022-04-17,313,9,2125,200,38
2022-04-16,312,9,2125,200,38
2022-04-15,312,9,2125,200,38
2022-04-14,311,9,2125,200,38
2022-04-13,310,9,2125,200,38
2022-04-12,310,9,2124,200,38
2022-04-11,311,9,2124,200,38
2022-04-10,311,9,2124,200,38
2022-04-09,309,9,2124,200,37
2022-04-08,308,9,2122,201,37
2022-04-07,310,9,2122,201,37
2022-04-06,308,9,2120,201,37
2022-04-05,308,9,2120,201,37
2022-04-04,308,9,2118,201,37
2022-04-03,309,9,2117,200,37
2022-04-02,311,9,2117,200,38
2022-04-01,309,9,2117,200,38
2022-03-31,309,9,2116,200,38
2022-03-30,309,9,2116,199,38
2022-03-29,308,9,2115,199,38
2022-03-28,309,9,2115,198,38
2022-03-27,310,9,2113,198,38
2022-03-26,312,9,2112,198,38
2022-03-25,312,9,2112,198,38
2022-03-24,312,9,2112,198,38
2022-03-23,310,9,2112,197,38
2022-03-22,311,9,2112,197,38
2022-03-21,310,9,2112,196,37
2022-03-20,311,9,2112,196,37
2022-03-19,312,9,2112,196,37
2022-03-18,309,9,2112,196,37
2022-03-17,309,9,2112,196,37
2022-03-16,309,8,2112,195,37
2022-03-15,311,8,2112,195,37
2022-03-14,311,8,2112,195,37
2022-03-13,311,8,2112,195,37
2022-03-12,308,8,2112,195,37
2022-03-11,308,8,2112,195,37
2022-03-10,306,8,2112,195,36
2022-03-09,306,8,2113,195,36
2022-03-08,306,8,2112,194,36
2022-03-07,306,8,2112,194,36
2022-03-06,306,7,2112,193,36
2022-03-05,308,7,2111,192,37
2022-03-04,310,7,2111,192,38
2022-03-03,310,7,2111,191,38
2022-03-02,311,6,2111,191,38
2022-03-01,311,6,2111,189,39
2022-02-28,313,6,2111,189,39
2022-02-27,313,6,2111,187,39
2022-02-26,315,6,2111,187,39
2022-02-25,315,6,2112,187,39
2022-02-24,315,6,2112,187,39
2022-02-23,314,6,2112,187,39
2022-02-22,314,6,2112,187,39
2022-02-21,314,5,2112,185,39
2022-02-20,317,5,2112,185,39
2022-02-19,316,5,2112,184,38
2022-02-18,317,6,2111,184,38
2022-02-17,318,6,2111,184,38
2022-02-16,318,6,2111,184,38
2022-02-15,318,6,2110,184,38
2022-02-14,318,6,2110,184,37
2022-02-13,318,6,2111,184,37
2022-02-12,317,6,2111,184,37
2022-02-11,317,6,2111,184,37
2022-02-10,316,6,2111,183,36
2022-02-09,315,6,2111,183,34
2022-02-08,316,7,2111,184,34
2022-02-07,316,7,2111,184,34
2022-02-06,315,7,2110,183,33
2022-02-05,316,7,2110,184,33
2022-02-04,316,7,2110,184,33
2022-02-03,316,7,2110,183,33
2022-02-02,317,7,2110,183,34
2022-02-01,316,7,2110,183,34
2022-01-31,317,7,2111,182,35
2022-01-30,317,7,2111,181,35
2022-01-29,318,7,2110,181,35
2022-01-28,319,7,2110,181,36
2022-01-27,319,7,2110,181,36
2022-01-26,318,7,2110,181,36
2022-01-25,318,7,2110,181,36
2022-01-24,317,7,2110,180,36
2022-01-23,317,7,2110,180,37
2022-01-22,317,7,2110,180,37
2022-01-21,317,7,2110,180,37
2022-01-20,316,7,2110,179,36
2022-01-19,317,7,2110,179,36
2022-01-18,316,7,2110,179,36
2022-01-17,316,7,2110,178,36
2022-01-16,317,7,2110,178,36
2022-01-15,317,7,2110,178,36
2022-01-14,317,7,2110,178,36
2022-01-13,317,7,2110,178,36
2022-01-12,316,7,2110,178,36
2022-01-11,314,7,2110,178,36
2022-01-10,314,7,2110,178,36
2022-01-09,314,7,2110,178,36
2022-01-08,313,7,2110,176,36
2022-01-07,314,7,2110,175,36
2022-01-06,315,7,2110,175,37
2022-01-05,312,7,2110,175,37
2022-01-04,312,7,2110,174,37
2022-01-03,313,7,2110,174,37
2022-01-02,313,7,2109,174,37
2022-01-01,312,7,2108,174,37
2021-12-31,314,7,2108,174,37
2021-12-30,313,7,2108,174,37
2021-12-29,313,7,2107,174,37
2021-12-28,312,7,2107,174,38
2021-12-27,312,7,2107,174,38
2021-12-26,312,7,2107,174,38
2021-12-25,312,7,2107,174,38
2021-12-24,312,7,2107,174,38
2021-12-23,312,7,2107,173,38
2021-12-22,313,7,2107,173,38
2021-12-21,313,7,2107,173,38
2021-12-20,313,7,2107,173,38
2021-12-19,313,7,2107,173,38
2021-12-18,313,7,2107,173,38
2021-12-17,312,7,2107,173,38
2021-12-16,312,7,2107,172,38
2021-12-15,313,7,2107,172,39
2021-12-14,311,7,2107,172,38
2021-12-13,311,7,2106,173,38
2021-12-12,312,7,2106,171,38
2021-12-11,314,7,2106,171,39
2021-12-10,314,7,2106,171,39
2021-12-09,314,7,2105,171,39
2021-12-08,313,7,2105,171,39
2021-12-07,313,7,2105,171,39
2021-12-06,313,7,2105,170,39
2021-12-05,313,7,2105,170,39
2021-12-04,313,7,2105,170,39
2021-12-03,312,7,2105,170,39
2021-12-02,311,7,2105,169,39
2021-12-01,312,7,2105,169,39
2021-11-30,312,7,2105,169,39
2021-11-29,312,7,2105,169,39
2021-11-28,312,7,2105,169,39
2021-11-27,311,7,2105,169,39
2021-11-26,311,7,2105,169,39
2021-11-25,311,7,2105,169,39
2021-11-24,311,7,2105,169,39
2021-11-23,311,7,2104,169,39
2021-11-22,312,7,2104,169,39
2021-11-21,312,7,2104,169,39
2021-11-20,311,7,2104,169,39
2021-11-19,311,7,2103,169,39
2021-11-18,312,7,2102,168,39
2021-11-17,314,7,2102,168,41
2021-11-16,314,7,2102,168,41
2021-11-15,313,7,2102,167,40
2021-11-14,314,8,2099,167,40
2021-11-13,317,8,2099,167,41
2021-11-12,316,8,2099,167,41
2021-11-11,316,8,2099,167,41
2021-11-10,316,8,2099,167,41
2021-11-09,315,8,2099,166,41
2021-11-08,317,8,2099,166,43
2021-11-07,317,7,2099,165,43
2021-11-06,318,8,2099,163,43
2021-11-05,320,8,2097,163,44
2021-11-04,322,8,2097,163,44
2021-11-03,321,8,2097,163,44
2021-11-02,321,8,2096,163,44
2021-11-01,321,8,2096,161,43
2021-10-31,323,8,2096,162,45
2021-10-30,323,8,2096,162,45
2021-10-29,323,8,2096,162,45
2021-10-28,323,8,2096,162,45
2021-10-27,323,8,2096,162,45
2021-10-26,322,8,2096,162,45
2021-10-25,321,8,2096,162,45
2021-10-24,320,8,2096,161,45
2021-10-23,321,8,2096,161,45
2021-10-22,321,9,2096,161,45
2021-10-21,321,9,2096,161,45
2021-10-20,319,9,2095,160,44
2021-10-19,321,9,2095,161,45
2021-10-18,321,9,2095,160,45
2021-10-17,321,9,2094,160,45
2021-10-16,323,9,2095,160,45
2021-10-15,322,9,2095,160,45
2021-10-14,322,9,2095,159,45
2021-10-13,322,9,2095,159,45
2021-10-12,321,8,2095,157,44
2021-10-11,324,9,2095,157,45
2021-10-10,323,9,2095,157,44
2021-10-09,321,9,2095,158,42
2021-10-08,321,9,2095,158,42
2021-10-07,322,9,2095,158,43
2021-10-06,319,10,2095,157,43
2021-10-05,319,10,2095,157,43
2021-10-04,319,10,2094,156,43
2021-10-03,321,10,2093,156,43
2021-10-02,322,10,2093,156,43
2021-10-01,322,10,2093,156,43
2021-09-30,322,10,2093,156,43
2021-09-29,322,10,2093,156,43
2021-09-28,322,10,2093,156,43
2021-09-27,322,10,2093,156,43
2021-09-26,322,10,2093,156,43
2021-09-25,321,10,2093,156,43
2021-09-24,320,10,2093,156,43
2021-09-23,320,10,2092,156,43
2021-09-22,320,10,2092,156,43
2021-09-21,320,10,2092,156,43
2021-09-20,319,10,2091,156,42
2021-09-19,321,10,2091,156,43
2021-09-18,321,10,2091,156,43
2021-09-17,321,10,2091,156,43
2021-09-16,321,10,2091,156,43
2021-09-15,320,10,2091,156,43
2021-09-14,320,10,2088,156,43
2021-09-13,322,10,2088,156,46
2021-09-12,321,10,2088,156,46
2021-09-11,321,10,2088,156,46
2021-09-10,321,10,2088,156,46
2021-09-09,321,10,2088,156,46
2021-09-08,321,9,2089,156,46
2021-09-07,321,9,2088,156,46
2021-09-06,322,10,2088,156,47
2021-09-05,322,10,2088,156,47
2021-09-04,322,10,2087,156,47
2021-09-03,322,9,2087,156,48
2021-09-02,323,9,2087,156,48
2021-09-01,323,9,2088,156,48
2021-08-31,323,9,2088,156,48
2021-08-30,322,9,2088,156,48
2021-08-29,322,9,2088,156,48
2021-08-28,322,9,2088,156,48
2021-08-27,322,9,2088,156,48
2021-08-26,322,9,2088,156,48
2021-08-25,322,9,2088,156,48
2021-08-24,322,9,2087,155,48
2021-08-23,324,9,2086,155,48
2021-08-22,326,9,2081,155,50
2021-08-21,330,9,2080,155,51
2021-08-20,331,9,2081,155,51
2021-08-19,331,9,2081,155,51
2021-08-18,330,9,2081,155,50
2021-08-17,330,9,2081,154,50
2021-08-16,331,9,2080,154,50
2021-08-15,332,6,2079,154,51
2021-08-14,333,7,2079,154,52
2021-08-13,333,7,2080,154,52
2021-08-12,333,7,2079,154,52
2021-08-11,333,7,2079,154,51
2021-08-10,332,8,2078,154,51
2021-08-09,333,8,2078,154,51
2021-08-08,333,8,2077,154,51
2021-08-07,332,8,2078,154,50
2021-08-06,332,9,2078,154,50
2021-08-05,332,9,2078,154,50
2021-08-04,329,9,2078,154,47
2021-08-03,329,9,2078,154,47
2021-08-02,329,9,2075,153,47
2021-08-01,332,9,2074,153,48
2021-07-31,333,9,2076,153,48
2021-07-30,333,9,2076,153,48
2021-07-29,333,9,2076,153,48
2021-07-28,331,9,2076,153,47
2021-07-27,331,9,2076,154,47
2021-07-26,331,9,2076,154,47
2021-07-25,331,9,2073,154,47
2021-07-24,333,9,2073,153,47
2021-07-23,334,9,2073,153,47
2021-07-22,335,9,2073,152,47
2021-07-21,335,9,2072,152,46
2021-07-20,335,9,2072,153,46
2021-07-19,334,8,2071,152,45
2021-07-18,335,9,2066,151,44
2021-07-17,341,9,2066,153,44
2021-07-16,341,9,2066,152,44
2021-07-15,341,10,2066,152,44
2021-07-14,341,10,2065,152,44
2021-07-13,341,10,2065,152,45
2021-07-12,340,10,2065,152,44
2021-07-11,338,10,2065,153,43
2021-07-10,337,10,2065,154,43
2021-07-09,337,10,2065,154,43
2021-07-08,334,10,2065,154,42
2021-07-07,332,10,2066,154,42
2021-07-06,332,10,2065,154,42
2021-07-05,332,10,2066,154,42
2021-07-04,332,10,2066,154,42
2021-07-03,332,10,2066,154,42
2021-07-02,332,10,2066,154,42
2021-07-01,332,10,2066,154,42
2021-06-30,332,9,2064,154,42
2021-06-29,335,9,2064,154,45
2021-06-28,335,9,2063,154,45
2021-06-27,336,8,2063,154,45
2021-06-26,337,8,2063,154,45
2021-06-25,337,8,2063,154,45
2021-06-24,337,8,2060,154,45
2021-06-23,339,8,2060,154,46
2021-06-22,338,8,2060,154,45
2021-06-21,339,8,2060,155,46
2021-06-20,339,8,2058,154,46
2021-06-19,342,8,2058,154,48
2021-06-18,342,8,2058,153,48
2021-06-17,342,8,2058,153,47
2021-06-16,343,8,2058,153,47
2021-06-15,341,8,2058,153,45
2021-06-14,340,9,2058,152,44
2021-06-13,342,9,2059,152,44
2021-06-12,342,9,2059,152,44
2021-06-11,341,9,2059,152,43
2021-06-10,339,9,2059,153,43
2021-06-09,339,9,2057,152,43
2021-06-08,342,9,2057,152,45
2021-06-07,341,9,2057,149,45
2021-06-06,343,9,2057,149,46
2021-06-05,343,9,2057,149,46
2021-06-04,342,9,2057,149,46
2021-06-03,341,9,2057,149,45
2021-06-02,341,9,2057,150,45
2021-06-01,337,9,2056,149,42
2021-05-31,339,11,2055,149,43
2021-05-30,341,12,2054,149,44
2021-05-29,342,12,2054,149,44
2021-05-28,341,12,2054,149,44
2021-05-27,341,12,2054,149,44
2021-05-26,341,12,2054,149,44
2021-05-25,341,12,2053,149,44
2021-05-24,342,12,2053,149,45
2021-05-23,342,12,2053,149,45
2021-05-22,342,12,2053,149,45
2021-05-21,342,12,2053,149,45
2021-05-20,342,12,2053,149,45
2021-05-19,342,12,2053,149,45
2021-05-18,339,12,2053,149,44
2021-05-17,339,12,2053,149,44
2021-05-16,340,11,2052,148,44
2021-05-15,342,11,2052,148,43
2021-05-14,342,11,2053,147,43
2021-05-13,343,11,2053,147,43
2021-05-12,343,11,2051,147,43
2021-05-11,345,11,2051,148,43
2021-05-10,345,11,2051,147,43
2021-05-09,345,11,2051,147,42
2021-05-08,344,11,2051,148,42
2021-05-07,343,11,2051,148,42
2021-05-06,343,11,2051,148,42
2021-05-05,342,11,2051,148,41
2021-05-04,342,12,2050,148,41
2021-05-03,342,12,2050,148,41
2021-05-02,340,11,2049,148,41
2021-05-01,342,11,2049,148,41
2021-04-30,342,11,2049,148,41
2021-04-29,341,11,2048,148,40
2021-04-28,342,11,2048,148,40
2021-04-27,342,11,2048,148,40
2021-04-26,341,11,2048,148,39
2021-04-25,341,11,2048,149,39
2021-04-24,341,11,2048,149,39
2021-04-23,340,9,2048,149,39
2021-04-22,337,9,2047,149,38
2021-04-21,337,9,2047,150,38
2021-04-20,337,9,2045,150,38
2021-04-19,338,9,2045,150,38
2021-04-18,337,9,2045,150,38
2021-04-17,337,9,2045,150,38
2021-04-16,337,9,2045,150,38
2021-04-15,337,9,2045,150,38
2021-04-14,337,9,2045,150,38
2021-04-13,337,9,2044,150,38
2021-04-12,338,9,2044,150,38
2021-04-11,337,9,2044,150,37
2021-04-10,337,9,2044,151,37
2021-04-09,336,8,2044,150,36
2021-04-08,338,8,2044,151,36
2021-04-07,338,8,2044,151,36
2021-04-06,336,8,2043,151,35
2021-04-05,336,7,2043,151,35
2021-04-04,336,7,2043,151,36
2021-04-03,336,7,2043,151,36
2021-04-02,336,7,2043,151,36
2021-04-01,334,7,2043,151,35
2021-03-31,336,7,2042,152,36
2021-03-30,337,7,2042,152,36
2021-03-29,337,7,2042,151,36
2021-03-28,338,7,2042,150,36
2021-03-27,337,7,2041,150,37
2021-03-26,337,7,2041,151,37
2021-03-25,337,7,2041,150,37
2021-03-24,337,7,2041,150,37
2021-03-23,336,7,2041,150,37
2021-03-22,335,7,2041,150,37
2021-03-21,332,7,2040,150,37
2021-03-20,332,5,2040,150,37
2021-03-19,333,5,2039,149,38
2021-03-18,334,5,2039,150,38
2021-03-17,334,5,2039,149,38
2021-03-16,334,5,2039,149,39
2021-03-15,332,5,2039,148,37
2021-03-14,333,5,2039,150,37
2021-03-13,333,5,2039,150,37
2021-03-12,332,5,2039,149,36
2021-03-11,332,5,2039,150,36
2021-03-10,331,5,2038,148,36
2021-03-09,331,5,2038,148,35
2021-03-08,330,7,2038,148,34
2021-03-07,330,7,2038,149,34
2021-03-06,328,7,2037,149,34
2021-03-05,329,7,2037,148,34
2021-03-04,330,7,2036,148,34
2021-03-03,330,7,2034,148,34
2021-03-02,331,7,2034,148,33
2021-03-01,329,7,2032,148,32
2021-02-28,329,7,2033,149,33
2021-02-27,328,7,2032,149,33
2021-02-26,329,7,2032,149,33
2021-02-25,327,7,2032,149,33
2021-02-24,327,7,2033,149,33
2021-02-23,324,7,2033,149,33
2021-02-22,324,7,2033,149,33
2021-02-21,322,7,2033,149,32
2021-02-20,319,7,2033,150,31
2021-02-19,318,7,2034,150,31
2021-02-18,317,7,2034,150,31
2021-02-17,317,7,2034,150,31
2021-02-16,313,7,2034,150,31
2021-02-15,310,7,2033,150,30
2021-02-14,310,7,2033,150,30
2021-02-13,310,7,2033,150,30
2021-02-12,309,7,2033,150,30
2021-02-11,308,6,2033,150,30
2021-02-10,308,5,2032,151,30
2021-02-09,305,5,2032,151,30
2021-02-08,304,5,2030,151,31
2021-02-07,306,5,2030,151,31
2021-02-06,304,5,2028,151,30
2021-02-05,305,6,2028,151,30
2021-02-04,304,6,2028,151,30
2021-02-03,303,6,2028,151,30
2021-02-02,303,6,2027,151,30
2021-02-01,300,6,2026,151,30
2021-01-31,300,8,2025,151,31
2021-01-30,300,9,2025,151,31
2021-01-29,296,9,2024,151,30
2021-01-28,298,9,2024,151,30
2021-01-27,298,9,2024,151,30
2021-01-26,295,9,2024,151,30
2021-01-25,294,9,2024,151,30
2021-01-24,293,9,2024,150,30
2021-01-23,294,9,2024,150,30
2021-01-22,294,9,2024,150,30
2021-01-21,293,9,2024,150,30
2021-01-20,292,9,2024,150,30
2021-01-19,291,9,2024,150,30
2021-01-18,290,9,2024,150,30
2021-01-17,288,9,2024,149,30
2021-01-16,289,9,2024,149,31
2021-01-15,288,9,2024,149,31
2021-01-14,287,9,2024,149,31
2021-01-13,286,9,2024,149,31
2021-01-12,283,9,2021,149,31
2021-01-11,283,9,2021,149,33
2021-01-10,280,9,2021,149,33
2021-01-09,280,9,2021,149,33
2021-01-08,279,9,2021,149,33
2021-01-07,278,9,2021,149,33
2021-01-06,277,9,2021,148,33
2021-01-05,277,7,2020,148,34
2021-01-04,279,7,2020,147,36
2021-01-03,276,7,2018,147,35
2021-01-02,275,6,2019,148,35
2021-01-01,273,6,2019,146,34
2020-12-31,274,8,2019,146,34
2020-12-30,274,8,2019,146,34
2020-12-29,271,8,2018,145,34
2020-12-28,273,8,2018,145,34
2020-12-27,273,8,2018,145,34
2020-12-26,272,8,2018,145,34
2020-12-25,271,8,2018,145,34
2020-12-24,270,8,2018,145,33
2020-12-23,270,8,2019,145,33
2020-12-22,270,8,2019,142,34
2020-12-21,272,8,2019,142,35
2020-12-20,272,8,2019,142,35
2020-12-19,272,8,2019,142,35
2020-12-18,272,8,2019,141,35
2020-12-17,273,8,2019,141,35
2020-12-16,273,8,2019,141,35
2020-12-15,271,8,2018,141,35
2020-12-14,272,8,2018,140,35
2020-12-13,270,8,2018,140,35
2020-12-12,270,8,2018,140,35
2020-12-11,270,8,2018,140,35
2020-12-10,269,8,2018,140,35
2020-12-09,268,8,2018,140,35
2020-12-08,267,8,2017,140,35
2020-12-07,266,8,2016,140,35
2020-12-06,266,8,2014,140,35
2020-12-05,268,8,2014,140,36
2020-12-04,268,8,2014,140,36
2020-12-03,268,8,2014,140,36
2020-12-02,267,8,2014,140,36
2020-12-01,267,8,2013,138,36
2020-11-30,269,8,2013,138,37
2020-11-29,269,8,2013,138,37
2020-11-28,269,8,2013,138,37
2020-11-27,269,8,2013,138,37
2020-11-26,269,8,2013,138,37
2020-11-25,269,8,2012,138,37
2020-11-24,270,8,2012,138,37
2020-11-23,268,8,2012,138,36
2020-11-22,268,8,2012,137,36
2020-11-21,270,8,2010,137,37
2020-11-20,272,8,2009,137,37
2020-11-19,273,8,2009,136,37
2020-11-18,273,8,2009,136,38
2020-11-17,273,8,2009,136,38
2020-11-16,273,8,2009,135,38
2020-11-15,273,8,2009,135,37
2020-11-14,273,8,2009,135,37
2020-11-13,274,8,2009,135,37
2020-11-12,274,8,2009,135,37
2020-11-11,274,8,2009,135,37
2020-11-10,273,8,2009,135,37
2020-11-09,272,8,2009,135,37
2020-11-08,272,8,2009,135,37
2020-11-07,272,8,2009,135,37
2020-11-06,272,8,2009,134,37
2020-11-05,272,8,2009,134,37
2020-11-04,272,8,2009,134,37
2020-11-03,272,8,2009,134,37
2020-11-02,271,8,2008,134,37
2020-11-01,271,8,2007,132,37
2020-10-31,274,8,2007,133,38
2020-10-30,274,8,2006,133,38
2020-10-29,275,8,2006,131,38
2020-10-28,277,8,2005,128,38
2020-10-27,277,11,2003,128,38
2020-10-26,278,11,2003,129,37
2020-10-25,278,11,2003,129,37
2020-10-24,279,11,2003,129,37
2020-10-23,279,11,2003,129,37
2020-10-22,279,11,2003,129,37
2020-10-21,279,11,2003,129,37
2020-10-20,279,11,2003,128,37
2020-10-19,280,11,2003,128,38
2020-10-18,280,11,2002,127,38
2020-10-17,281,11,2002,126,37
2020-10-16,282,11,2002,127,38
2020-10-15,282,11,2002,127,38
2020-10-14,281,11,2002,127,37
2020-10-13,280,11,2002,128,37
2020-10-12,279,11,2000,128,37
2020-10-11,280,11,2000,129,38
2020-10-10,280,11,2000,129,38
2020-10-09,280,11,2000,129,38
2020-10-08,280,11,2000,129,38
2020-10-07,280,11,2000,129,38
2020-10-06,279,11,1999,129,38
2020-10-05,276,11,1999,129,36
2020-10-04,279,11,2000,129,38
2020-10-03,279,10,1999,127,38
2020-10-02,283,10,1999,127,39
2020-10-01,283,10,1999,126,39
2020-09-30,283,10,1999,127,39
2020-09-29,281,10,1999,127,37
2020-09-28,281,10,1999,129,37
2020-09-27,281,10,1999,128,37
2020-09-26,281,10,1999,128,37
2020-09-25,281,10,1998,128,37
2020-09-24,282,10,1998,127,37
2020-09-23,282,10,1998,128,37
2020-09-22,282,10,1998,128,37
2020-09-21,279,10,1998,128,37
2020-09-20,276,10,1998,128,35
2020-09-19,276,10,1997,128,35
2020-09-18,276,10,1997,128,35
2020-09-17,275,10,1997,128,35
2020-09-16,275,10,1996,128,35
2020-09-15,274,10,1996,127,35
2020-09-14,275,10,1995,127,36
2020-09-13,274,10,1994,127,36
2020-09-12,274,10,1995,127,36
2020-09-11,273,10,1995,127,35
2020-09-10,271,11,1994,127,34
2020-09-09,271,9,1993,128,33
2020-09-08,273,9,1993,129,33
2020-09-07,273,9,1993,128,33
2020-09-06,269,10,1993,128,33
2020-09-05,269,10,1993,128,33
2020-09-04,269,10,1993,128,33
2020-09-03,269,10,1993,127,33
2020-09-02,268,10,1993,127,32
2020-09-01,268,10,1993,126,32
2020-08-31,268,10,1993,126,32
2020-08-30,268,10,1992,126,32
2020-08-29,269,10,1992,126,32
2020-08-28,269,10,1990,126,32
2020-08-27,270,10,1990,126,32
2020-08-26,271,10,1990,126,32
2020-08-25,269,10,1990,126,32
2020-08-24,269,10,1990,126,32
2020-08-23,268,10,1990,126,32
2020-08-22,267,10,1989,125,31
2020-08-21,268,10,1988,126,31
2020-08-20,269,10,1988,125,31
2020-08-19,270,10,1988,125,31
2020-08-18,269,10,1988,125,31
2020-08-17,269,10,1987,125,31
2020-08-16,269,10,1987,123,31
2020-08-15,271,10,1987,123,33
2020-08-14,270,10,1987,123,32
2020-08-13,268,10,1987,123,31
2020-08-12,267,10,1987,124,31
2020-08-11,266,10,1987,124,30
2020-08-10,266,10,1986,125,30
2020-08-09,267,10,1986,125,30
2020-08-08,265,10,1985,125,29
2020-08-07,266,10,1986,125,29
2020-08-06,265,10,1986,125,28
2020-08-05,264,11,1984,125,28
2020-08-04,265,11,1984,123,27
2020-08-03,266,11,1984,124,27
2020-08-02,265,11,1983,124,26
2020-08-01,266,11,1983,123,26
2020-07-31,267,11,1982,123,26
2020-07-30,268,11,1981,123,26
2020-07-29,269,11,1981,123,27
2020-07-28,269,11,1981,123,27
2020-07-27,269,10,1981,123,27
2020-07-26,270,10,1981,122,28
2020-07-25,270,10,1981,122,27
2020-07-24,270,10,1981,123,27
2020-07-23,269,10,1981,123,27
2020-07-22,269,10,1981,123,27
2020-07-21,267,10,1981,123,27
2020-07-20,266,10,1981,123,27
2020-07-19,266,10,1978,123,27
2020-07-18,268,10,1978,123,27
2020-07-17,268,10,1978,123,27
2020-07-16,268,10,1977,123,27
2020-07-15,269,9,1976,122,28
2020-07-14,271,9,1975,122,31
2020-07-13,270,9,1973,123,31
2020-07-12,272,9,1973,123,32
2020-07-11,272,9,1973,123,32
2020-07-10,273,9,1973,123,32
2020-07-09,271,9,1973,121,31
2020-07-08,272,9,1971,122,31
2020-07-07,273,9,1971,122,31
2020-07-06,273,9,1971,120,31
2020-07-05,276,9,1971,120,33
2020-07-04,275,9,1971,119,32
2020-07-03,276,7,1970,119,33
2020-07-02,279,7,1970,119,33
2020-07-01,279,7,1970,118,33
2020-06-30,280,7,1970,118,33
2020-06-29,279,7,1970,118,32
2020-06-28,279,7,1969,119,32
2020-06-27,280,7,1969,119,32
2020-06-26,280,7,1969,119,32
2020-06-25,278,7,1969,119,31
2020-06-24,277,7,1969,119,30
2020-06-23,277,6,1968,119,30
2020-06-22,280,6,1968,120,31
2020-06-21,280,6,1966,120,31
2020-06-20,282,6,1966,120,33
2020-06-19,282,6,1966,118,33
2020-06-18,283,6,1965,118,32
2020-06-17,281,6,1965,118,31
2020-06-16,283,6,1965,118,32
2020-06-15,284,6,1965,117,33
2020-06-14,285,6,1965,117,34
2020-06-13,286,6,1965,117,34
2020-06-12,286,6,1965,115,34
2020-06-11,288,6,1965,115,34
2020-06-10,285,6,1965,115,32
2020-06-09,285,6,1965,115,30
2020-06-08,284,6,1965,116,30
2020-06-07,283,6,1965,116,30
2020-06-06,282,6,1965,115,29
2020-06-05,282,6,1965,115,28
2020-06-04,282,6,1966,115,28
2020-06-03,281,6,1966,115,28
2020-06-02,280,6,1966,115,27
2020-06-01,280,7,1963,113,27
2020-05-31,285,7,1963,113,31
2020-05-30,285,7,1963,113,31
2020-05-29,285,7,1963,113,31
2020-05-28,284,7,1963,112,30
2020-05-27,284,7,1963,113,30
2020-05-26,284,7,1962,112,30
2020-05-25,285,7,1962,111,29
2020-05-24,286,7,1962,112,29
2020-05-23,286,7,1962,112,29
2020-05-22,285,7,1962,108,28
2020-05-21,288,7,1962,108,28
2020-05-20,288,7,1962,105,28
2020-05-19,291,7,1962,105,28
2020-05-18,290,6,1961,103,27
2020-05-17,294,6,1960,101,30
2020-05-16,297,6,1960,102,30
2020-05-15,297,6,1960,101,30
2020-05-14,298,6,1960,99,30
2020-05-13,300,6,1958,99,31
2020-05-12,300,6,1958,97,31
2020-05-11,302,7,1958,95,31
2020-05-10,303,7,1958,95,31
2020-05-09,303,7,1958,96,31
2020-05-08,303,7,1958,94,31
2020-05-07,305,7,1958,93,31
2020-05-06,305,7,1958,93,30
2020-05-05,305,7,1958,91,30
2020-05-04,308,7,1958,90,30
2020-05-03,309,6,1958,90,30
2020-05-02,309,6,1958,90,29
2020-05-01,307,7,1958,85,28
2020-04-30,311,7,1959,85,29
2020-04-29,310,7,1958,84,29
2020-04-28,313,7,1957,83,30
2020-04-27,315,7,1957,83,30
2020-04-26,314,7,1957,83,30
2020-04-25,312,7,1957,81,28
2020-04-24,314,7,1958,82,28
2020-04-23,314,7,1958,80,28
2020-04-22,316,7,1958,80,28
2020-04-21,316,7,1958,79,28
2020-04-20,317,7,1958,79,29
2020-04-19,317,7,1958,78,29
2020-04-18,318,7,1958,77,29
2020-04-17,319,7,1958,76,29
2020-04-16,320,7,1958,76,29
2020-04-15,320,7,1958,76,29
2020-04-14,320,7,1958,76,29
2020-04-13,318,7,1958,74,29
2020-04-12,320,7,1958,74,29
2020-04-11,320,6,1958,74,29
2020-04-10,321,6,1958,73,29
2020-04-09,322,6,1958,73,30
2020-04-08,322,6,1958,73,30
2020-04-07,322,6,1957,73,30
2020-04-06,323,6,1957,73,30
2020-04-05,322,6,1957,73,29
2020-04-04,321,6,1958,72,29
2020-04-03,322,5,1958,71,29
2020-04-02,324,5,1958,71,29
2020-04-01,324,5,1958,71,29
2020-03-31,324,5,1958,71,29
2020-03-30,324,5,1958,71,29
2020-03-29,322,5,1958,70,28
2020-03-28,323,5,1958,71,28
2020-03-27,323,5,1957,70,28
2020-03-26,324,5,1957,71,28
2020-03-25,324,5,1957,71,28
2020-03-24,324,5,1957,70,28
2020-03-23,325,5,1955,66,28
2020-03-22,331,5,1955,66,31
2020-03-21,331,5,1954,63,31
2020-03-20,334,5,1954,63,32
2020-03-19,334,5,1954,63,32
2020-03-18,333,5,1953,63,32
2020-03-17,334,5,1953,63,32
2020-03-16,334,5,1953,63,32
2020-03-15,333,5,1953,62,32
2020-03-14,334,5,1953,62,32
2020-03-13,334,5,1953,62,32
2020-03-12,334,5,1952,61,32
2020-03-11,335,5,1952,60,32
2020-03-10,336,5,1952,60,31
2020-03-09,336,5,1952,61,31
2020-03-08,336,5,1951,61,31
2020-03-07,336,5,1951,61,31
2020-03-06,334,5,1950,61,31
2020-03-05,334,5,1950,61,31
2020-03-04,332,5,1950,61,31
2020-03-03,332,5,1950,61,31
2020-03-02,332,5,1950,61,31
2020-03-01,332,5,1950,61,31
2020-02-29,332,5,1949,61,31
2020-02-28,333,5,1949,61,31
2020-02-27,333,5,1947,59,31
2020-02-26,332,5,1949,59,32
2020-02-25,331,5,1949,59,32
2020-02-24,331,5,1949,59,32
2020-02-23,330,5,1949,59,32
2020-02-22,329,5,1949,59,32
2020-02-21,330,5,1949,59,32
2020-02-20,330,5,1948,59,32
2020-02-19,330,5,1948,60,32
2020-02-18,328,5,1947,60,31
2020-02-17,329,5,1947,59,31
2020-02-16,331,5,1947,59,31
2020-02-15,331,5,1947,59,31
2020-02-14,331,5,1947,59,31
2020-02-13,330,5,1947,58,31
2020-02-12,330,5,1947,58,31
2020-02-11,328,5,1945,57,30
2020-02-10,331,5,1945,57,30
2020-02-09,328,5,1942,57,30
2020-02-08,330,5,1942,57,30
2020-02-07,325,5,1942,57,28
2020-02-06,325,4,1942,59,28
2020-02-05,326,4,1942,57,28
2020-02-04,328,4,1943,57,28
2020-02-03,326,4,1943,57,28
2020-02-02,324,4,1941,57,28
2020-02-01,323,4,1941,57,28
2020-01-31,323,4,1941,56,28
2020-01-30,323,4,1940,56,27
2020-01-29,324,4,1941,56,28
2020-01-28,324,4,1941,56,28
2020-01-27,324,4,1940,56,28
2020-01-26,325,4,1940,56,29
2020-01-25,322,4,1940,56,28
2020-01-24,322,4,1939,56,28
2020-01-23,324,4,1939,56,28
2020-01-22,324,4,1939,56,28
2020-01-21,324,4,1937,56,28
2020-01-20,326,4,1937,56,28
2020-01-19,326,4,1937,56,28
2020-01-18,326,4,1937,56,28
2020-01-17,322,4,1937,56,27
2020-01-16,322,4,1938,56,27
2020-01-15,322,4,1938,56,27
2020-01-14,322,4,1938,56,27
2020-01-13,322,4,1938,56,27
2020-01-12,321,4,1935,56,27
2020-01-11,324,4,1935,56,27
2020-01-10,322,3,1934,56,27
2020-01-09,323,3,1934,55,28
2020-01-08,320,3,1934,56,27
2020-01-07,317,3,1933,56,27
2020-01-06,319,3,1934,56,28
2020-01-05,319,3,1932,56,28
2020-01-04,321,3,1931,55,28
2020-01-03,323,3,1931,55,29
2020-01-02,323,3,1931,55,29
2020-01-01,323,3,1931,55,29
